<?xml version="1.0" encoding="UTF-8"?>
<project-private xmlns="http://www.netbeans.org/ns/project-private/1">
    <editor-bookmarks xmlns="http://www.netbeans.org/ns/editor-bookmarks/2" lastBookmarkId="0"/>
    <open-files xmlns="http://www.netbeans.org/ns/projectui-open-files/2">
        <group>
            <file>file:/home/devildamz/NetBeansProjects/the_eatary/src/java/com/eatary/managedbeans/util/JsfUtil.java</file>
            <file>file:/home/devildamz/NetBeansProjects/the_eatary/setup/glassfish-resources.xml</file>
            <file>file:/home/devildamz/NetBeansProjects/the_eatary/src/java/com/eatary/managedbeans/EyDomainsController.java</file>
            <file>file:/home/devildamz/NetBeansProjects/the_eatary/web/index.xhtml</file>
            <file>file:/home/devildamz/NetBeansProjects/the_eatary/src/java/com/eatary/managedbeans/AbstractController.java</file>
            <file>file:/home/devildamz/NetBeansProjects/the_eatary/src/java/com/eatary/entities/EyLocations.java</file>
            <file>file:/home/devildamz/NetBeansProjects/the_eatary/src/java/com/eatary/converters/EyUsersConverter.java</file>
            <file>file:/home/devildamz/NetBeansProjects/the_eatary/src/java/com/eatary/ejbs/AbstractFacade.java</file>
            <file>file:/home/devildamz/NetBeansProjects/the_eatary/src/java/com/eatary/converters/EyLocationsConverter.java</file>
            <file>file:/home/devildamz/NetBeansProjects/the_eatary/src/java/com/eatary/converters/EyDomainsConverter.java</file>
            <file>file:/home/devildamz/NetBeansProjects/the_eatary/web/eyLocations/Edit.xhtml</file>
            <file>file:/home/devildamz/NetBeansProjects/the_eatary/web/eyDomains/Create.xhtml</file>
            <file>file:/home/devildamz/NetBeansProjects/the_eatary/web/appmenu.xhtml</file>
            <file>file:/home/devildamz/NetBeansProjects/the_eatary/web/eyLocations/Create.xhtml</file>
            <file>file:/home/devildamz/NetBeansProjects/the_eatary/src/java/com/eatary/managedbeans/EyLocationsController.java</file>
            <file>file:/home/devildamz/NetBeansProjects/the_eatary/src/java/com/eatary/managedbeans/EyUsersController.java</file>
            <file>file:/home/devildamz/NetBeansProjects/the_eatary/src/java/com/eatary/entities/EyUsers.java</file>
            <file>file:/home/devildamz/NetBeansProjects/the_eatary/web/WEB-INF/faces-config.xml</file>
            <file>file:/home/devildamz/NetBeansProjects/the_eatary/web/eyDomains/List.xhtml</file>
            <file>file:/home/devildamz/NetBeansProjects/the_eatary/src/java/com/eatary/entities/EyDomains.java</file>
            <file>file:/home/devildamz/NetBeansProjects/the_eatary/web/WEB-INF/web.xml</file>
            <file>file:/home/devildamz/NetBeansProjects/the_eatary/src/java/com/eatary/ejbs/EyDomainsFacade.java</file>
            <file>file:/home/devildamz/NetBeansProjects/the_eatary/src/java/MyBundle.properties</file>
            <file>file:/home/devildamz/NetBeansProjects/the_eatary/src/java/com/eatary/ejbs/EyLocationsFacade.java</file>
            <file>file:/home/devildamz/NetBeansProjects/the_eatary/src/java/com/eatary/ejbs/EyUsersFacade.java</file>
            <file>file:/home/devildamz/NetBeansProjects/the_eatary/web/eyDomains/index.xhtml</file>
        </group>
    </open-files>
</project-private>
